{
    "aa": [
        [
            -3.7616350650787354,
            -15.824825286865234,
            32.05311584472656,
            -45.19929122924805,
            -46.735897064208984,
            -18.660947799682617,
            -6.486612319946289,
            -21.854528427124023,
            -5.4820237159729,
            -0.10733484476804733,
            -23.94246482849121,
            -12.926568031311035
        ]
    ],
    "ee": [
        [
            -27.801912307739258,
            47.32258605957031,
            55.914424896240234,
            -39.237525939941406,
            -26.902645111083984,
            4.016870021820068,
            -42.803932189941406,
            -27.528791427612305,
            -8.119683265686035,
            -12.268111228942871,
            -20.566448211669922,
            6.764532566070557
        ]
    ],
    "ih": [
        [
            14.011022567749023,
            -48.55634307861328,
            -10.464760780334473,
            -2.7823073863983154,
            9.449469566345215,
            -7.125375270843506,
            -4.972674369812012,
            -22.8685302734375,
            3.9459786415100098,
            -27.581287384033203,
            -1.6366595029830933,
            -14.41147518157959
        ]
    ],
    "oh": [
        [
            60.45930480957031,
            -35.06126403808594,
            -10.613387107849121,
            -65.60599517822266,
            17.027694702148438,
            -4.720651149749756,
            -19.261016845703125,
            -10.110676765441895,
            -6.2218804359436035,
            23.149778366088867,
            -32.5093879699707,
            -0.6137280464172363
        ]
    ],
    "ou": [
        [
            16.63611602783203,
            -16.43494415283203,
            23.387033462524414,
            -7.725668907165527,
            -15.726766586303711,
            -36.89079284667969,
            -8.679237365722656,
            -20.758874893188477,
            -25.869701385498047,
            9.126669883728027,
            -10.6819486618042,
            -2.087806224822998
        ]
    ],
    "silence": [
        [
            -1.9895196601282805e-13,
            2.1316282072803006e-13,
            -2.8421709430404007e-13,
            2.2737367544323206e-13,
            -3.268496584496461e-13,
            1.2789769243681803e-13,
            -1.2789769243681803e-13,
            1.4210854715202004e-14,
            -6.536993168992922e-13,
            2.984279490192421e-13,
            5.115907697472721e-13,
            6.536993168992922e-13
        ]
    ]
}